PassengerId,Name
0013_01,Nelly Carsoning
0019_01,Sabih Unhearfus
0021_01,Meratz Caltilter
0023_01,Brence Harperez
0027_01,Karlen Ricks
0029_01,Aldah Ainserfle
0032_01,Acrabi Pringry
0032_02,Dhena Pringry
0033_01,Eliana Delazarson
0040_02,Jihda Pinoffent
0042_01,Hamus Frité
0047_01,Winonon Prucerod
0047_02,Muons Prucerod
0048_01,Tyle Deckerry
0054_01,Algedia Viouster
0054_02,Alteron Viouster
0054_03,Winon Viouster
0057_01,Gatrin Windend
0059_01,Janne Carvis
0063_01,Elene Daughessey
0065_01,Monald Rushorney
0079_01,Verney Sullones
0089_01,Ors Cha
0093_01,Krisa Dukertyler
0095_01,Toddie Benderez
0100_01,Dary Cochrisons
0100_02,Mael Cochrisons
0106_01,Therly Puckenton
0118_01,Troyce Moodmandez
0124_01,Karay Camerrison
0125_01,Saiphda Fulatorly
0130_01,Catha Gilesonston
0132_01,Stech Potte
0137_01,Jilley Harry
0142_01,Oakes Buth
0142_03,Gacke Buth
0143_01,Alaton Unloweedic
0150_01,Menkaa Slowatic
0150_02,Wasalm Slowatic
0154_01,Dorah Brenney
0158_02,Nelle Jacobbinson
0162_01,Lix Ble
0166_01,Essara Rocholton
0168_01,Saxinon Oradly
0175_01,Celis Benney
0175_03,Leence Benney
0175_04,Eulah Benney
0184_01,Panter Gerry
0185_01,Alls Cooki
0187_01,Ranuts Kidne
0194_01,Ruchbia Extraly
0194_02,Algrafi Extraly
0215_01,Jaimez Waterson
0228_01,Azhasim Dompul
0228_02,Zedark Asharing
0228_03,Alurops Dompul
0230_01,Daisya Burksson
0235_01,Monard Hickerson
0236_01,Poloos Nutte
0247_01,Rasaleh Gulcepusy
0247_02,Bath Gulcepusy
0256_01,Kerryn Bensley
0259_01,Fow Floaf
0264_01,Hasim Anindery
0264_02,Okulus Anindery
0273_01,Wales Ste
0273_02,Triesh Ste
0274_02,Bats Melto
0276_02,Zedark Pabler
0284_01,Cers Datie
0293_01,Tauxon Suptibler
0308_01,
0311_01,Coreen Simmonders
0312_01,Adrie Hoffergess
0318_01,Robyna Solon
0319_02,Pigars Prie
0323_01,Joyn Gaineyerson
0325_01,Searla Mccarveymon
0328_01,Verney Singtons
0329_01,Iononus Rewmid
0332_01,Shany Pooles
0339_03,Kirky Colleruces
0339_04,Shelle Perkings
0339_05,Davisy Colleruces
0342_01,Teryla Headardyer
0342_02,Blanie Headardyer
0344_01,Zibah Stranbeate
0349_02,Kaffias Ametic
0349_04,Alderak Ametic
0351_01,Macon Fache
0353_01,Arla Jacostanley
0353_02,Delley Jacostanley
0354_01,Hary Waltonson
0362_01,Eddiey Gardonadox
0363_03,Jenn Fowlesterez
0364_01,Cinkes Chité
0366_01,
0390_01,Anda Mejiaddox
0394_01,Seat Facke
0399_01,Rayle Lewinton
0400_01,Azaleha Aroodint
0404_01,Tot Kate
0419_02,
0419_03,Erman Monsoney
0421_01,Eleb Bradiary
0443_01,Beeres Erpie
0451_01,Eltares Witive
0464_01,Dwindy Emenez
0467_01,Gonut Keen
0467_02,Cings Keen
0467_03,Crunch Keen
0467_04,Choney Keen
0478_02,Aldun Mallisly
0479_01,Merabik Trovetert
0483_01,Caphact Flutorly
0483_02,Alatik Flutorly
0484_01,Eles Hotty
0486_01,Wallyn Gletonerson
0489_01,Fal Knike
0489_02,Rios Knike
0491_01,Len Cobson
0493_01,
0494_01,Mizark Ereatible
0494_02,Weznif Ereatible
0495_02,Monard Richan
0495_03,Etha Richan
0496_01,Belix Kennetty
0496_02,Ianna Kennetty
0497_01,Muebix Mepie
0509_01,Alfrey Ewins
0514_01,Erie Tersony
0524_01,Tabius Frogauded
0526_01,Elody Daughessey
0530_03,Unukat Embleng
0532_02,Rasalm Groughty
0541_01,Jabbab Dident
0543_01,Yolas Pooley
0544_01,Lesaton Healist
0557_01,Caks Spie
0557_02,Mall Spie
0558_01,Julion Llonovancis
0562_02,Sex Shcad
0578_01,Dont Hoppers
0584_01,Charry Hortis
0595_01,Royce Yatters
0604_01,Loisey Meltonway
0606_01,Elly Masquez
0613_01,Auvan Stubtlarle
0613_02,Tetra Stubtlarle
0620_02,Frunad Derte
0620_03,Gibers Derte
0624_01,Spurin Cisorter
0625_01,Trise Perie
0625_02,
0625_03,Flats Perie
0626_01,Aludram Impress
0626_02,Dyonon Emoted
0626_03,Askedus Emoted
0627_01,Pil Bake
0632_02,Lilly Hebernandry
0632_03,Terald Hebernandry
0640_01,Suhelik Dedinder
0640_02,Tope Dedinder
0651_01,Terons Lendly
0652_03,Analdy Ashipson
0654_01,Tance Coley
0662_01,Marice Mcgowaymond
0666_01,Willy Antoshipson
0666_02,Weney Antoshipson
0673_01,Jeanna Cookson
0675_01,Vanney Buckentry
0676_01,
0681_01,Stanya Pacerty
0692_01,Almara Hallahaney
0694_01,Stelly Hurchrisong
0695_01,Benda Chroeders
0706_01,Roydo Kirks
0708_01,Diph Obnoftle
0708_02,Kabens Pronfraked
0717_01,Jihoton Panspic
0717_03,Nesch Panspic
0717_04,Hekab Bewarsecal
0717_07,Batomam Panspic
0720_01,Cings Hotty
0721_01,Kene Walkerez
0725_01,Joycey Hewson
0739_01,Willy Mcfarleys
0742_01,Sugark Min
0742_02,Frunk Min
0744_01,Aviton Undrude
0748_01,Oss Cotte
0749_01,Widin Kashe
0751_01,Ray Mity
0752_01,Annon Hultz
0755_01,Sinons Irived
0758_01,Penton Switmorary
0758_02,Caia Switmorary
0759_01,Hekarf Tabloory
0759_03,Aston Tabloory
0763_01,Anchium Poustive
0766_01,Walmon Derry
0774_01,Tetra Oinded
0774_03,Gravior Clutchaft
0775_01,Muonin Trameterty
0775_02,Altardr Trameterty
0775_03,Syrmion Trameterty
0775_05,Kitakan Unklible
0775_06,Errairk Unklible
0778_01,Sterfik Ousious
0778_02,Bath Ousious
0780_01,Ritars Apple
0792_01,Elany Trankliney
0801_01,Lift Sto
0803_01,Ellena Fitzgerson
0804_01,Celava Prombled
0812_01,Panch Pamca
0821_01,Cints Berry
0827_02,Luxonon Speery
0827_03,Phah Speery
0832_01,Diandi Folemonley
0837_01,Suhelik Queldry
0838_01,Flyros Concy
0842_01,Pars Hotte
0843_01,Hilley Cabrewsond
0844_01,Burs Butte
0852_01,Asellum Reewerpic
0854_01,Alvia Kimons
0855_01,Avitons Stichseary
0857_01,Coxah String
0858_02,Hion Mad
0862_01,Perryl Burryerson
0864_02,Dontch Trad
0864_03,Feries Erle
0866_01,Puffes Hapie
0880_01,Lopedo Pepie
0880_02,Want Pepie
0882_01,Lyde Briggins
0884_02,Erine Rilley
0886_02,Casps Bota
0886_03,Koks Bota
0888_02,Monch Brine
0891_01,Mondax Repie
0892_01,Tarfik Poilsive
0892_02,Furuson Poilsive
0892_03,Arino Diossiver
0894_01,Jihoton Gearriting
0896_01,Glenry Brenney
0897_01,Duhrid Exhaft
0897_02,Azhab Exhaft
0900_01,Yolana Mirezavis
0909_02,Fispot Wala
0909_03,Cank Wala
0917_01,Apench Apeau
0937_01,Crisp Quith
0943_01,Jifes Banie
0943_02,Gops Banie
0950_01,Anakes Queke
0962_01,Stany Meltonway
0963_01,Izares Syncepul
0977_01,Samany Alest
0981_02,Jeane Parsoney
0986_02,Boteino Batonsufft
0999_01,Vanley Gambs
0999_02,Artis Gambs
1010_01,Croos One
1023_01,Eet Vlake
1028_01,Glene Hendrewsons
1037_01,Racily Olivasquez
1044_01,Gayla Hinglendez
1050_01,Evendy Buchansen
1059_01,Sino Panspic
1059_02,Astula Panspic
1061_01,Chard Stracary
1064_01,Racey Marson
1064_02,Dennie Marson
1069_01,Okula Opshosent
1070_01,Valex Wolfaddox
1072_01,Lonnis Arneras
1072_02,Kenda Arneras
1072_03,Kariel Arneras
1072_07,Vanney Arneras
1072_08,Harvin Arneras
1074_02,Idarry Mcbriggins
1087_01,Snich Lette
1090_01,Sadlami Aindlylid
1092_01,Dianya Mcleandez
1101_01,Royce Norry
1104_01,Ruchban Sorticbar
1106_02,Ran Brie
1111_01,Colly Burnerez
1118_02,Sula Headal
1118_03,Ashird Headal
1118_04,Asham Headal
1119_02,Gal Flie
1120_01,Keitha Mcgoway
1122_01,Maril Monroellynn
1124_01,Sabih Dighty
1124_02,Keidhma Dighty
1125_02,Analdy Torrez
1126_01,Heales Hoche
1128_01,Ankabit Wassid
1128_02,Arion Wassid
1131_01,Mizark Comessic
1135_02,Toperon Coarswing
1135_04,Sarthim Coarswing
1138_01,Syrmion Serping
1139_01,Aleen Joycerton
1145_01,Wheals Gele
1145_04,Range Gele
1151_01,Joanry Delangleton
1158_01,Hont Vloaf
1158_02,Chicke Vloaf
1159_01,Trice Garrez
1160_01,Cowns Hocke
1172_01,Healls Betie
1183_01,Alhail Derupethy
1183_03,Celeb Derupethy
1184_01,Astorux Peraket
1184_02,Dyonif Peraket
1200_01,Acceleb Alutorody
1201_02,Tope Fairdised
1204_01,
1207_04,Willah River
1217_01,Elebola Droning
1217_02,Astrah Droning
1219_02,Alasmon Meteet
1224_01,Kink Chene
1224_02,Wat Chene
1226_01,Scers Flaie
1226_02,Slose Flaie
1227_01,Anchib Spedlybood
1237_01,Briane Leeves
1244_01,Blues Shcad
1245_01,Bobina Schmondez
1247_01,Ses Conie
1251_01,Row Steen
1257_01,Thaldah Nairing
1257_02,Atino Nairing
1257_03,Alraixa Nairing
1257_04,Askedus Nairing
1262_01,Johna Wilderssen
1265_01,Dannie Fredersend
1268_01,Chonts Backo
1270_01,Majorab Platch
1297_01,Mistie Langatein
1301_03,Ronard Logannon
1303_01,Nathy Howenters
1305_01,Erine Brooke
1315_01,Thery Watsongley
1318_01,All Hotty
1320_01,Miken Brenney
1320_02,Derine Brenney
1320_03,Stenny Brenney
1321_01,Rail Gine
1321_02,Swal Gine
1327_01,Tin Browlerson
1338_01,Shamak Ineart
1338_02,Proxima Ineart
1339_01,Pristy Booness
1341_02,Hery Brooke
1341_03,Janne Brooke
1343_02,Furudah Daterle
1349_01,Naomie Lowelliott
1349_02,Toniel Lowelliott
1354_03,Ritars Seen
1354_04,Oatch Saste
1354_05,Clus Saste
1354_06,Mose Seen
1354_07,Lakes Saste
1358_01,Kies Pate
1361_01,Pus Sche
1367_01,Joycey Rosalanenn
1369_02,Debony Ocherman
1369_03,
1372_01,Thery Cobson
1373_01,Nelsie Woody
1374_01,Dhenah Beling
1388_01,Eddiey Boyersons
1394_01,Elson Gregordy
1409_02,Rosts Soun
1411_01,Allie Hammonton
1422_01,Naslon Qualelfic
1436_01,Coren Yatters
1466_01,Doryn Raney
1470_01,Julin Rasmussony
1472_01,Kimena Dillips
1477_01,Tarf Preeldy
1480_01,Melia Dicksons
1482_01,Prish Bancy
1483_01,Aude Brownson
1486_01,Randa Tuckers
1487_01,Shally Knoxtones
1495_02,Elancy Dukertyler
1496_01,Estine Scottney
1497_01,Chios Chmad
1497_02,Pil Chmad
1502_02,Avitons Donotaked
1502_03,Sarid Foraud
1502_04,Hadaton Donotaked
1513_01,Annya Benney
1514_01,Jodye Daughttley
1522_01,Prabon Bancy
1530_01,Doryn Frederry
1537_01,Alik Speedgear
1546_01,Joanie Solinez
1549_01,Andine Romez
1553_01,Pros Hacle
1554_01,Rica Reenez
1554_02,Robyna Reenez
1556_01,Tonnie Sosalinson
1557_01,Hadalm Imparmle
1559_01,Alraion Assefle
1559_02,Suhaion Cluide
1563_01,Acraban Inkcablel
1566_01,Props Sloweber
1574_01,Weslie Cartz
1575_01,Cinda Midtt
1582_02,Juane Bailes
1583_01,Gut Sam
1587_01,Tanley Reynoldez
1587_02,Billey Reynoldez
1591_02,Bellum Curewhead
1598_02,Jumars Banie
1607_01,Karia Moodsey
1610_01,Allots Casty
1616_01,Inette Mckinsond
1627_01,Doray Fryersonis
1629_01,Genubih Unicting
1629_02,Weznif Ineysive
1629_03,
1629_04,Mizaron Ineysive
1629_05,Alballa Ineysive
1629_06,Hekaton Ineysive
1641_01,Laptin Parté
1648_01,Pollum Gearriting
1652_01,Coracy Frederry
1665_01,Mesarid Cotorming
1665_02,Alcorux Cotorming
1675_01,Sales Letty
1680_02,Beneb Ineded
1689_01,Murzimp Asseple
1689_02,Markton Asseple
1689_03,Batenar Asseple
1692_01,Joyn Roberrenn
1701_01,Coley Gilleranks
1702_01,Debora Ellahan
1726_02,Siese Chnie
1732_01,Sanney Gaineyerson
1741_01,Vick Langatein
1750_01,Heald Howenters
1751_01,Mits Chate
1751_02,Weer Chate
1754_01,Donnie Savaraldez
1759_01,Toal Ches
1765_01,Joelan Bookson
1777_02,Wimpha Vertfull
1790_01,Kentha Hamberterry
1790_02,Willey Hamberterry
1791_01,Eang Spien
1791_02,Apple Spien
1793_02,Skunch Bukko
1801_01,Erie Valezaley
1809_01,Luise Gallandez
1814_02,Bland Harrenoldez
1814_03,Glorey Harrenoldez
1815_01,Komos Ecre
1820_01,Boats Gele
1830_01,Coracy Fielson
1835_01,Antak Cassiding
1835_02,Hekaron Cassiding
1837_01,Maiam Whealeed
1838_01,Cowl Erte
1840_01,Andan Quinnerry
1851_02,Mino Healted
1852_01,Zaurid Semootor
1852_02,Golaron Semootor
1852_03,Tachird Semootor
1852_04,Sadlami Semootor
1858_01,Naosura Coniple
1862_03,Dorene Houseson
1867_01,Isotone Unings
1883_01,Berbee Flell
1893_01,Coass Empie
1894_01,Arts Steen
1909_01,Prope Prighty
1909_02,Acruxa Prighty
1910_01,Fow Cort
1910_04,Gon Cort
1913_01,Stray Bra
1913_02,Corse Ane
1913_03,Aark Ane
1914_01,Isaacy Kimpson
1917_01,Shawne Craftstens
1924_01,Jordy Greeves
1948_02,Alhail Waring
1951_01,Dhenah Extraly
1965_01,Racyle Ramoran
1966_01,Alphain Folhal
1986_01,Toate Monie
1987_01,Searla Bardinard
1989_01,Paulas Mullon
1990_01,Cers Blake
1990_02,Unchal Blake
2002_01,Craird Creke
2004_01,Yapich Pashe
2005_02,Sanya Ericksonga
2014_01,Hadalm Switmorary
2016_01,Graisp Barte
2020_01,Minchib Swinvul
2035_02,Donch Backe
2036_01,Sylvin Jacostanley
2036_02,Justie Barkeretton
2036_03,Celis Jacostanley
2037_01,Solaron Laturive
2039_01,Apple Jaff
2039_02,Callix Jaff
2039_03,Beres Balle
2047_01,Raulia Jenkinnedy
2048_01,Enry Morrencis
2049_01,Kirky Edwartizman
2057_04,Agnesa Lewinton
2057_05,Leahy Lewinton
2064_01,Mos Terry
2068_01,Izarino Ingent
2068_02,Wimps Ingent
2068_03,Gimph Ingent
2068_05,Geonev Ingent
2076_01,Varz Hast
2078_01,Crios Biane
2101_01,Hellia Carley
2113_01,Julin Rothewson
2122_01,Mollen Wolfaddox
2132_01,Johna Wartyson
2146_01,Atrino Persoffly
2146_02,Hassias Persoffly
2160_02,Alex Anate
2160_03,Mark Anate
2176_01,Dia Dotsonton
2184_01,
2184_02,Ankabit Coilling
2185_01,Dirius Catimod
2199_01,Haryn Mandez
2222_01,Ockies Burie
2227_01,Eggers Chen
2236_01,Allie Dicksons
2240_01,Vanez Fultz
2240_03,Stene Fultz
2242_01,Kimmy Potters
2244_01,Denna Burnerez
2245_01,Propent Hyling
2245_02,Izares Hyling
2246_01,Elerops Pippoppere
2249_01,Maen Hopperett
2259_01,Zibah Tabloory
2259_02,Kraban Tabloory
2260_01,Okulam Clumsty
2290_01,Nelle Cardners
2292_01,Nichad Shephendery
2293_01,Cink Hacle
2294_01,Zosmas Reswiress
2304_01,Glenry Herreras
2307_01,Shalle Foledges
2307_03,Robyna Foledges
2307_04,Eillis Foledges
2307_05,Adriet Foledges
2326_01,Lolas Owery
2331_01,Batenan Fueling
2335_01,
2337_01,Kendre Pittler
2343_01,Okulam Donotaked
2343_02,Alramak Donotaked
2344_02,Phonons Belstrut
2350_03,Flark Gooki
2355_01,Minus Unticatter
2355_02,Auvair Unticatter
2355_04,Saiphda Unticatter
2370_01,Lardy Hoffergess
2370_04,
2371_01,Hilip Summington
2378_02,Pebix Blie
2380_02,Alkurak Entenedy
2381_01,Ivaney Ellahan
2386_01,Dat Peake
2388_02,Ellene Gentledges
2407_01,Askedus Setvatend
2415_01,Dawne Salez
2422_02,Alarmus Maglible
2425_01,Raulia Tranklinay
2425_02,Trice Tranklinay
2425_05,Coley Tranklinay
2434_01,Meline Steelerettt
2440_01,Leondy Sawyerson
2448_01,Photons Improus
2448_02,Shatrix Improus
2459_01,Vanney Kerrealds
2468_01,Scharab Meplel
2469_01,Cruis Apple
2481_01,Amela Irwinson
2484_01,Eres Clake
2487_01,Heersh Saf
2487_02,Lopedo Saf
2494_01,Shamak Bacistion
2501_01,
2507_01,Jordy Currisones
2511_01,Jonaye Hickerson
2514_01,Ianne Doughan
2517_01,Miten Nuthe
2533_01,Hen Kerrealds
2536_01,Heres Paie
2538_01,Scelava Pistage
2538_02,Wimps Uncionted
2543_01,Geneen Mcleaney
2554_01,Gracy Wallerson
2556_01,Mulk Flie
2563_01,Glorey Holsen
2567_01,Cheats Pien
2567_02,Hon Pien
2568_01,Moniey Whitneyes
2570_01,Gabrie Summington
2575_01,Wheets Rake
2576_01,Yapich Che
2577_01,Catha Delez
2583_01,Velyne Webstephrey
2585_01,Phernar Coweboded
2586_01,Wilmay Santin
2587_01,Ties Hoche
2587_02,Hion Hoche
2600_01,Toat Kidie
2603_02,Caseye Mejiarkerox
2604_01,Timyra Gentledges
2620_01,Molley Buckleinson
2637_02,Garyan Rothewson
2637_03,Naomie Rothewson
2639_01,Golos Ropie
2653_01,Cowlat Ban
2656_01,Alinan Clinarfork
2667_01,Ionon Vactive
2667_04,Boteino Vactive
2667_05,Duhrk Vactive
2673_01,Cathya Bonnondry
2681_01,Carley Tersony
2694_01,Maham Aneter
2694_02,Phacton Aneter
2696_01,Alram Comessic
2710_01,Antonon Trodery
2710_02,Nunkino Trodery
2711_01,Ducks Prin
2716_02,Muonea Frintful
2719_02,Shams Curle
2728_01,Ton Melto
2731_01,Rone Fersongs
2742_01,Erick Mondalley
2749_01,Loria Beckeetter
2761_02,Jandy Kellynn
2766_01,Eilan Morrencis
2777_01,Nunkino Inkcablel
2794_03,Donut Mellé
2794_04,Toale Mellé
2794_06,Tous Mellé
2794_07,Dooss Apie
2800_01,Sugark Creke
2803_01,Atrix Dedentive
2804_01,Monard Cookentaney
2808_01,Weidus Platch
2808_02,Alsafik Platch
2815_02,Daven Bushafford
2816_01,Sulah Gleroling
2827_01,Almara Cartiz
2829_01,Walley Byerton
2830_01,Adriet Barris
2833_01,Lonnis Davens
2836_01,Thabik Sophaft
2842_01,Isaacy Weaverays
2845_01,Tachird Resendent
2845_02,Atonon Resendent
2848_01,Instab Unkcatted
2848_02,Nekkark Unkcatted
2848_03,Thab Unkcatted
2850_01,Guakes Nuthe
2850_02,Gian Nuthe
2850_04,Hony Nuthe
2855_01,Dyonif Ambleetive
2868_02,Rosiey Bonder
2868_04,Ianya Bonder
2895_01,Phah Meplel
2898_01,Magnon Healted
2898_02,Ashird Whetingert
2903_01,
2904_02,Luxonon Dishearly
2911_01,Carona Leton
2914_01,Sadares Reeddommy
2915_01,Wealke Beake
2916_01,Mars Ickes
2922_01,Trine Pore
2923_01,Lavey Merkins
2931_01,Essara Mcfarley
2932_01,Tarain Tachor
2939_01,Noria Cainghannon
2947_01,Byrona Kerrealds
2957_01,Eillis Cobson
2976_01,Kabih Clughted
2976_02,Thab Clughted
2976_03,Sadach Clughted
2981_01,Francy Farleyatton
2985_01,Therek Horners
2997_01,Taux Semageary
2997_04,Chard Prombled
3008_01,Ancham Timanable
3008_03,Eleons Timanable
3008_05,Dabiton Timanable
3008_06,Sterops Timanable
3011_01,Leene Haydenzier
3016_02,Philia Rickson
3016_03,Camiet Bakericks
3017_01,Therly Wilsoney
3028_01,Mathy Frannis
3031_01,Mocake Fache
3035_01,Quid Raste
3037_01,Alshail Gloyanthy
3037_02,Taurah Gloyanthy
3046_01,Neutrix Watuald
3056_01,Brita Rushing
3057_01,Puffs Sames
3059_01,Astrark Preeldy
3072_01,Hamsp Sesa
3074_01,Tyle Carley
3075_01,Alvia Callowery
3077_01,Muonea Oinded
3077_02,Goros Oinded
3078_03,Pheino Busive
3089_01,Allift Madan
3094_01,Tonioe Wallerson
3097_01,Ree Dato
3105_01,Celavas Alaring
3105_02,Mard Alaring
3105_03,Arkaban Alaring
3106_01,Lardy Ayalazquez
3107_01,Allie Weissey
3108_01,Gerly Navages
3109_01,Keitha Franton
3115_01,Lilly Mccarveymon
3127_01,Azhab Dedinder
3129_01,Eddiey Simpsonks
3137_01,Bonyam Stanters
3141_01,Gone Blie
3148_01,Millie Gilleyons
3151_01,Porrim Alvercal
3153_02,Artis Jorden
3154_01,Len Bakerson
3155_01,Alraia Brathful
3155_02,
3167_01,Wenny Schmondez
3170_01,Marlly Baxters
3173_01,Paulia Wolffy
3178_01,Sug Sté
3186_01,
3190_02,Carves Bert
3199_01,Halsham Sinecthex
3202_01,Kerrie Cardners
3214_01,Wales Tre
3226_01,Quars Stre
3231_01,Joanie Simsey
3244_01,Shaiaz Sessory
3244_02,Shain Sessory
3244_03,Tarino Sessory
3245_01,Carona Coley
3246_01,Hanne Blangibson
3257_01,Wacks Mitte
3263_01,Monam Tité
3265_02,Dilatik Hafthy
3265_03,Alrakan Trallect
3265_04,Alsham Trallect
3267_01,Bens Mander
3278_01,Badont Blan
3281_01,Scers Erry
3285_02,Terek Shbre
3288_01,Dings Ste
3290_01,Anamos Pre
3291_01,Card Puckenton
3307_01,Candra Kellyons
3316_01,Weslie Sextones
3321_01,Newtch Chen
3333_01,Karard Gamberson
3334_01,Lilace Kaufmaneyes
3341_01,Alteron Cluitty
3344_01,Chabih Obeaded
3344_02,Cellah Obeaded
3345_01,Floyde Pughlinsons
3345_03,Bellee Pughlinsons
3347_01,Errairk Cracionfic
3351_01,Maura Miranciash
3351_02,Allia Mcguirez
3355_01,Blanie Fuenterson
3366_01,Taurak Unaring
3367_01,
3368_01,Poot Stité
3368_02,Jur Stité
3368_04,Razzle Buko
3368_05,Chal Buko
3373_01,Dellie Estein
3376_01,Kimmy Mcphernard
3379_01,Matty Spentley
3385_01,Toddie Landolphrey
3388_01,Luxons Assefle
3398_01,Sal Hotte
3400_01,
3411_02,Naish Harta
3411_05,Douse Homin
3411_06,Kadown Harta
3427_01,Marine Harperez
3429_01,Rasalm Monfulewss
3436_01,Benny Walterson
3448_02,Posts Ple
3457_01,Mabley Harperez
3463_01,Nelley Hendrewsons
3472_01,Lulard Frandriquez
3477_02,Eloos Frazo
3482_02,Bobbyn Hahnstoneal
3494_02,Bahoton Colatioud
3503_01,Glenry Hopperett
3507_01,Lis Fishopper
3508_02,Phecca Pickleve
3509_01,
3510_01,Thelix Knoxonway
3513_01,Tarmus Obsentork
3513_02,Hezenif Obsentork
3513_04,Gluinom Obsentork
3517_01,Vin Rickson
3522_01,Elicia Lunapperts
3529_01,Clow Kie
3532_01,Powl Sche
3544_02,Sadine Hardley
3549_02,
3571_01,Sanya Jorden
3580_01,Eleonon Airdring
3580_02,Azet Airdring
3581_01,Grastab Craing
3585_01,Yolace Guerson
3587_01,Vanie Llonovancis
3587_03,Stanya Llonovancis
3589_02,Harlos Petton
3589_03,Deany Waltonson
3589_04,Jeane Lambucketty
3589_06,Ireen Petton
3589_07,Verek Petton
3593_01,Alraid Manized
3599_01,Philda Newtontoss
3601_02,Andary Hinglendez
3601_04,Neilda Dicksons
3601_05,Doria Hinglendez
3603_01,Oareel Bre
3603_02,Jifes Bre
3604_01,Berta Franton
3618_01,Taram Poustive
3618_03,Mulk Poustive
3623_01,Isaacy Hersons
3627_01,Alraium Wingcoling
3635_01,Fredy Handertiz
3643_01,Davisy Shermann
3646_02,Pentard Oirmplathy
3651_01,Haldah Mostedry
3656_01,Achirk Tairbatic
3657_01,Sadalm Unreernal
3657_02,
3659_02,Anthia Bucklandez
3659_03,Kerryn Bucklandez
3659_06,Jennyn Potthews
3659_07,Paulah Bucklandez
3663_01,
3666_01,Lardy Kellson
3670_01,Monald Santantines
3675_01,Ton Welles
3675_02,Curtle Welles
3675_03,Gerry Welles
3676_01,Astorux Gleroling
3683_01,Hamak Cumpting
3683_02,Hamakan Cumpting
3684_01,Lynnee Garnettiz
3685_01,Bethy Hayder
3687_01,Thaban Freednal
3694_01,Vina Strongers
3696_01,Oale Chen
3701_01,Anchib Horbox
3701_03,Hekaton Horbox
3709_01,Timmy Wagnerray
3712_01,Diandi Blacks
3712_02,Geneen Blacks
3712_03,Candra Blacks
3712_04,Kayne Blacks
3712_05,Paulah Blacks
3717_02,Evendy Larlowelley
3718_01,Anams Quith
3720_01,Bakix Purte
3720_02,Kohs Purte
3720_03,Oakes Purte
3725_01,Candyn Richan
3730_01,Gonut Purle
3731_01,Moniey Bryangton
3738_01,Kris Farrowns
3746_02,Dannie Belley
3746_03,Tonnie Belley
3746_04,Natha Belley
3764_01,Leenny Moodmandez
3766_01,Eltar Stpingepid
3766_02,Saleh Stpingepid
3780_01,Meass Pre
3792_01,Natald Maynardner
3794_01,Judya Alshipson
3799_01,Tonyn Morron
3806_01,Thondy Logannon
3813_01,Sethew Perkings
3828_01,Lesatik Flourbent
3828_03,Propsh Flourbent
3829_02,Hanry Noeley
3833_01,Eang Prie
3834_01,Luison Savaraldez
3843_01,Willip Hoppers
3844_02,Kaffias Prinder
3855_01,Lers Brele
3858_01,Naosura Sciatberit
3858_02,Furudah Sciatberit
3859_01,Cole Shcad
3860_01,Crunch Prie
3865_01,Raque Daughtson
3869_01,Prie Curt
3876_01,Sinon Inghtal
3876_02,Alrair Inghtal
3876_03,Acraban Inghtal
3880_01,Kendy Ewins
3882_01,Allots Parta
3887_01,Brakis Suartforly
3889_01,Propsh Moring
3889_02,Diskeon Moring
3891_01,Gwenda Johnsby
3892_01,Cliney Gletonerson
3893_02,Mesh Casty
3901_01,Floyde Kerristicey
3902_01,Chies Spane
3905_01,Aarone Patrichane
3908_02,Donnie Valexandez
3910_01,Antony Shephendery
3929_01,Lilly Jimes
3934_01,Flakes Onpie
3943_01,Lindy Colomonson
3943_02,Feline Colomonson
3953_01,Sandie Clinantones
3957_01,Iria Tersimpson
3972_01,Acrabik Coarswing
3975_01,Netty Garnes
3978_01,Hal Shcad
3989_01,Tiney Hopperett
3989_02,Pattin Hopperett
3989_03,Beula Hopperett
3989_04,Kencey Hopperett
3990_01,Megany Daughtson
4011_01,Alraino Drivery
4012_01,Beneba Sandul
4012_02,Dscheat Sandul
4015_01,Tors Stie
4024_01,Caphact Fulous
4025_01,Mistie Bertsontry
4028_01,Krisa Morgerson
4029_01,Goats Kidne
4041_01,Jimen Bardson
4048_01,Caks Weeke
4048_02,Cherry Berle
4048_03,Camonk Chkie
4051_01,Sta Corman
4052_01,Ankabih Coneveseng
4054_01,Mizarf Blentrary
4054_02,Zubens Blentrary
4059_01,Wimps Ingrodery
4070_01,Maiah Haftent
4070_02,Okula Haftent
4070_03,Alaton Haftent
4073_02,Tricky Sweene
4086_02,Lorian Hewson
4086_03,Luisy Leonadorsen
4087_01,Analdy Ellahan
4088_01,Lorian Pooles
4092_01,Janne Blancoy
4100_01,Weidus Wincer
4105_01,Roydo Solon
4111_01,Coryl Simpsonks
4119_01,Elancy Cardners
4122_01,Camie Beckeey
4124_01,Joelan Canton
4133_01,Blesh Batte
4133_02,Weers Batte
4136_01,Alyaton Dedentive
4148_01,Rice Jarvey
4155_01,Baton Ingent
4161_01,
4162_01,Carlie Leeves
4164_01,Lesat Aloquinght
4180_01,Misaleh Fatted
4190_01,Hekabih Peterive
4193_01,Jaye Josesh
4198_01,Alarkab Preeldy
4202_01,Ritars Nate
4217_01,Edgary Weberts
4224_02,Cobys Gres
4226_01,Aspica Reming
4227_01,Celis Garzaley
4235_02,Elanie Mosepherry
4236_01,
4236_02,Strish Purte
4247_01,
4250_01,Jillie Beckeetter
4263_02,Karia Blace
4263_03,Racyle Blace
4265_01,Lesaten Alindiveng
4268_01,Toate Bancy
4268_02,Treynx Bancy
4269_01,Henryn Starkers
4277_01,Courta Johnsby
4282_01,Duhratz Spressive
4284_01,
4285_01,Dwigh Summington
4287_01,Dorie Kennetty
4288_01,Etha Rochan
4298_02,Cheeet Kha
4298_03,Nutch Kha
4307_01,Cord Hooff
4308_01,Ianya Booness
4314_01,Meron Sciatberit
4321_01,Hoce Ecate
4322_01,Melara Ballocks
4323_01,Tauxon Ambleeve
4323_03,Sulaos Ambleeve
4323_04,Terf Ambleeve
4325_01,Almary Rothewson
4328_01,Elene Larks
4331_01,Evendy Buchansen
4341_01,Tance Simson
4342_01,Sex Kha
4355_01,Carold Maystuarey
4363_01,Yolace Bellyonsley
4375_01,Sadirk Crioncery
4377_01,Hanna Colomonson
4377_02,Essara Colomonson
4377_03,Penne Colomonson
4379_01,Sonnie Blange
4381_01,Helley Kellynn
4384_01,Reneen Alldson
4385_01,Stenny Tranklinay
4385_02,Healle Tranklinay
4385_03,Gerek Tranklinay
4414_01,Cupers Watie
4417_01,Colatz Welte
4420_02,Race Sotond
4425_01,Alam Whifounrew
4425_02,Muonons Whifounrew
4435_01,Bosoneb Aloubtled
4435_02,Spurin Aloubtled
4439_01,Cranch Cooki
4442_01,Hassias Brateelte
4443_01,Tonia Sellahaney
4454_01,Zosmar Asolipery
4455_03,Belly Rossey
4458_01,Therry Estevesters
4460_01,Suhaion Headal
4468_01,Eila Clinantones
4480_01,Mesatik Foller
4499_01,Troya Hartley
4504_01,Mulk Geadle
4519_01,Vanie Hughriend
4523_01,Heremy Bushallert
4523_02,Stace Bushallert
4523_04,Jimmya Bushallert
4523_05,Des Bushallert
4523_06,Margio Bushallert
4526_01,Pristy Lerez
4528_01,Wilves Snoff
4540_01,Kimmie Bartez
4548_01,Pherkab Covetive
4551_01,Cheddin Dedentive
4551_02,Solam Dedentive
4551_03,Shellum Dedentive
4551_04,Celeon Dedentive
4579_01,Dondy Hopez
4582_01,Lonnez Miley
4582_02,Mabela Weaves
4582_03,Darlie Weaves
4582_04,Duana Barris
4582_05,Bonne Barris
4582_06,Scotte Barris
4582_07,Kris Miley
4583_01,Lish Parte
4583_02,Ork Parte
4583_03,Per Parte
4599_01,Kirky Pottley
4600_01,Fredy Pollarkeeks
4600_02,Donnie Pollarkeeks
4616_01,Gordo Mcbriddley
4619_01,Allara Dawsoncis
4626_01,Sulatik Conale
4629_01,Almary Jacobbinson
4636_01,Elenna Lowelliott
4639_01,Meropus Exnutchor
4639_02,Mizarf Exnutchor
4639_05,Adharan Clugeammy
4639_06,Alramak Exnutchor
4647_01,Estina Englence
4660_01,Willah Brooke
4669_01,Ankaan Trakery
4671_01,Suls Lake
4671_02,Macode Lake
4671_04,Wafros Lake
4675_01,Alraino Coarswing
4682_01,Gracey Dotsondez
4683_01,Honjay Sacke
4685_01,Orz Napie
4697_01,Aard Kraie
4698_01,Heers Flake
4700_01,Polar Netshaless
4701_01,Altaira Dedinder
4701_02,Skatzn Dedinder
4701_03,Mediton Dedinder
4701_04,Naosura Dedinder
4702_01,Fayen Micknightt
4703_01,Mesonon Headmish
4703_02,Terons Headmish
4705_01,Duhra Calazy
4715_01,Weias Conable
4716_01,Elara Buckeenez
4718_01,Propent Loring
4724_01,Hadaron Sterve
4727_02,Violan Solinez
4731_01,Allyn Farmonrada
4736_01,Mocake Nate
4740_01,Trice Valey
4745_01,Camie Willynnedy
4747_01,Mesarga Ingascomet
4760_01,Kimmy Atkinney
4761_01,Kell Youngrayes
4761_02,Gerry Youngrayes
4765_01,Karlie Santry
4766_01,Tundsh Parte
4767_01,Rossie Wartyson
4768_01,Yilduno Fuleng
4768_02,Phernar Fuleng
4771_01,Lindy Heney
4776_01,Prow Spien
4776_03,Dous Buthe
4776_04,Badont Spien
4789_01,Allota Sad
4802_01,Mabley Lambucketty
4805_01,Wallyn Popelase
4806_01,Coves Jaf
4811_01,Colly Hickett
4812_01,Batenar Sageng
4816_01,Irmark Emenez
4820_01,Sterops Subateful
4824_01,Rookix Porté
4825_01,Beal Pephe
4826_01,Asellan Rinicapead
4834_01,Adanne Simonddler
4844_01,Karley Meltoney
4849_01,Donut Sione
4852_01,Kendre Savaraldez
4854_01,Sugark Vlart
4855_01,Rayley Cartyernan
4855_02,Idary Cartyernan
4859_01,Claura Brenney
4860_01,Matty Clean
4877_01,Range Frie
4894_01,Laude Guerson
4905_01,Antony Daviddley
4906_01,Shan Hultz
4907_01,Eliana Estron
4919_01,Monard Gordond
4922_01,Heald Gregordy
4931_01,Rankie Mcfaddenson
4935_02,Bethew Whitneyes
4949_01,Astrark Amincrerus
4953_01,Solam Slable
4957_01,Antino Ofoormy
4959_01,Donch Flate
4962_01,Naros Start
4966_01,Dsch Slable
4966_02,Alark Slable
4968_01,Haryn Simmonders
4969_02,Chelsa Bellarkerd
4971_01,Lillen Contrevins
4976_01,Arl Hickerson
4982_01,Wenise Armstromez
4984_02,Annard Baldson
4985_01,Grawk Welte
4988_01,Alhaino Suartforly
4993_01,Jodip Sosalinson
5001_01,Racyle Workmanson
5002_01,Racy Casentry
5011_01,Jimen Beangley
5024_01,Evendy Mckins
5024_02,Hene Mallerez
5024_03,Agnesa Mckins
5024_05,Rone Mckins
5029_01,Benebah Derterval
5029_02,Hallah Derterval
5030_01,Deanny Roycentes
5031_02,Atikard Ressighty
5038_02,Cocors Sun
5041_01,Glasey Cooperkins
5043_01,Gice Lette
5043_02,Yales Lette
5045_01,Ots Tité
5046_01,Lonnis Spencervan
5047_01,Shawne Edwartizman
5055_01,Fayen Hodgesss
5056_01,Weres Chen
5056_02,Ockies Chen
5066_01,Millie Kinson
5071_01,Stance Keithunts
5075_01,Line Yatters
5079_01,Froops Dal
5082_01,Sadar Pernised
5086_01,Mon Fort
5086_02,Muew Fort
5092_01,Megany Medington
5094_01,Idarry Rilley
5098_02,Sonald Kellyons
5098_03,Delody Kellyons
5100_01,Gone Cle
5101_01,Herry Woodwardy
5110_01,Scers Khaf
5114_01,Waffes Chnie
5118_01,Mares Calian
5119_01,Wafox Sin
5131_01,Alchib Bendembly
5131_02,
5141_01,Anack Gene
5143_01,Garyan Emenez
5147_01,Therie Moorez
5149_02,Muons Slowatic
5150_01,Chones Bush
5153_01,Sadine Hinetthews
5159_01,Zedasim Rupeet
5164_01,Menchah Reeddommy
5164_02,Shamak Reeddommy
5178_01,Stelly Mcfaddenson
5183_01,Anda Gibbsonton
5189_01,Alathim Dratembid
5203_01,Okulam Trashifus
5203_02,Luxion Trashifus
5212_01,Bobara Booness
5219_01,Sugars Minen
5219_02,Tifet Minen
5222_01,Delody Dunnisey
5228_02,Milyn Merce
5237_01,Caks Cooki
5241_02,Walley Logannon
5245_01,Okulus Disheract
5267_01,Stance Monsoney
5267_02,Lerome Monsoney
5267_03,Gerly Monsoney
5270_01,Arl Hickson
5284_01,Batares Siveduced
5285_01,Dyonif Motive
5289_01,Mounch Curie
5302_01,Cinst Wooes
5306_02,Rail Mad
5308_01,Regana Mccarveymon
5308_02,Kene Mccarveymon
5308_03,Roydo Mccarveymon
5309_01,Brachir Steroot
5311_01,Evey Tranciams
5317_02,Dord Gibbsonton
5318_01,Eliana Coopelandez
5318_02,Len Coopelandez
5328_01,Achib Dischod
5329_02,Jamela Mclardson
5329_03,Joandy Mclardson
5329_07,Kariel Mclardson
5332_01,Dennya Harmontry
5335_01,Aldah Moring
5335_02,Marf Moring
5335_04,Edark Moring
5338_01,Eilace Brien
5339_01,Alcoran Balightal
5339_02,Bahamin Balightal
5339_03,Marrai Balightal
5349_01,Doria Wolferguson
5352_01,Pennie Foledges
5357_01,Atrino Unpasine
5357_02,Jihalla Diouselt
5358_01,Weion Capplid
5364_01,Patoya Brooke
5369_01,Spros Buche
5369_02,Crick Buche
5369_03,Sunkle Buche
5370_01,Lina Savaraldez
5371_01,Coobix Apple
5371_03,Cats Apple
5371_04,Panbug Apple
5376_01,Almino Fantlaxed
5376_02,Cherrak Fantlaxed
5377_01,Hallah Ousious
5382_01,Tabdhib Cralinal
5382_02,Becruxa Cralinal
5386_01,Sandie Quinnerettt
5398_01,Boats Soun
5400_01,Rancy Blancoy
5426_01,Jone Holton
5428_02,Loria Huntt
5432_01,Celis Chardsons
5433_01,Pent Derterval
5444_01,Samie Halexandez
5473_01,Jasony Rigginsen
5481_01,Muontak Susent
5486_01,Phams Sueke
5493_01,Vanard Booness
5495_01,Clow Blité
5498_01,Charly Hanghanson
5498_02,Mael Hanghanson
5502_01,Moniey Llobsoney
5505_01,Derry Gaineyerson
5505_02,Holey Whiters
5505_03,Jeanny Whiters
5513_01,Gracia Mayods
5513_02,Min Mayods
5513_04,Stal Mayods
5532_01,Ginia Pittson
5547_01,Etha Alvasquez
5548_01,Arino Stment
5549_01,Steron Sloweber
5553_01,Kokrus Traie
5553_02,Heales Traie
5554_01,Jarena Mayder
5562_01,
5562_02,Solaron Ofracculy
5570_01,Bettie Deckley
5576_01,Mathy Davens
5577_01,Thery Briggston
5577_02,Belly Briggston
5577_03,Ivaney Englence
5577_04,
5577_05,Tyle Briggston
5579_01,Tabus Sivent
5584_01,Pioss Lacke
5588_02,Cobix Cola
5588_03,Cocors Cola
5588_04,Libers Dan
5588_05,Fes Cola
5590_01,Lychex Cread
5597_01,Julin Traverdy
5600_01,Vick Bartines
5607_01,Blat Bush
5612_01,Adria Hoppernardy
5620_01,Docoos Floaf
5624_01,
5630_01,Isoton Cylistrand
5632_01,Altairk Ranicood
5634_01,Totax Berry
5638_01,Racily Stannondez
5641_01,Fayel Gallard
5649_01,Beres Chene
5664_01,Stenny Rochan
5664_02,Aleroy Rochan
5664_03,Tracia Rochan
5664_04,Guadae Rochan
5668_01,Marf Holiabler
5669_01,Tonyn Mcleandez
5670_01,Kennie Rices
5672_01,Maryn Potthews
5675_01,Dawne Englas
5678_01,Ros Goone
5678_02,Ritars Goone
5682_01,Halleth Preeldy
5691_01,Aard Backo
5694_01,Winonon Tionstious
5699_01,Ryany Nichaner
5708_01,Carona Burraymons
5715_01,Alphein Shantactal
5715_02,Hadlam Shantactal
5720_01,Jandy River
5731_02,Cor Lake
5734_01,
5745_01,Aude Avisnydes
5759_01,Shery Ballocks
5766_01,Aleys Ramad
5770_01,Auvan Geoconne
5775_01,Anes Opie
5782_03,Agnesa Fisherry
5782_04,Melia Hurchez
5784_01,
5787_02,Robyna Crayeson
5789_01,Arlie Polliamposs
5789_02,Rona Polliamposs
5797_01,Bellah Catbel
5803_01,Regana Belley
5833_01,Cus Tirt
5841_01,Pos Blane
5841_02,Halesh Blane
5841_03,Flams Blane
5845_01,
5850_01,Props Necous
5851_02,Tot Conca
5862_01,Jacki Brooker
5864_01,Justie Batthewitt
5870_01,Maurie Roachez
5872_01,Jerrye Mirantant
5873_02,Kenda Acobsond
5881_01,Dabik Covale
5883_01,Castab Ineedeve
5896_01,Stene Baketton
5904_01,Graisp Sidie
5911_01,Lillen Mcgowaymond
5911_04,Billa Mcgowaymond
5911_05,Elly Mcgowaymond
5911_06,Benny Mcgowaymond
5914_01,Teremy Vandez
5917_01,
5918_01,Blancy Moongton
5926_01,Craine Staffersby
5929_01,Blanda Carpennels
5936_01,Kleeiak Antcal
5936_02,Grumak Antcal
5936_04,Tautrix Antcal
5937_01,Ricard Willangsey
5940_01,Sadine Hoppernardy
5942_01,Muontak Shoeweely
5942_02,Astorux Shoeweely
5958_01,Russey Parrett
5961_01,Avijava Extrazy
5961_02,Arrain Extrazy
5962_01,Guye Miley
5964_01,
5964_02,Kabih Fuelddid
5966_01,Loisey Monsoney
5966_02,
5979_01,Jagles Reke
5996_01,Enrie Hortez
5997_01,Hones Fatte
5997_02,Parney Fatte
6002_01,Honda Perta
6005_01,Allia Dickley
6005_02,Lis Dickley
6005_03,Ritey Dickley
6005_05,Chael Dickley
6013_01,Dellia Hewson
6021_01,Jonald Vinston
6037_01,Byront Bushins
6046_01,Adammy Blanglison
6050_01,Ops Boyst
6063_01,Jamela Gainney
6074_01,Gral Anate
6074_02,Allift Sidne
6074_03,Rinnab Anate
6078_01,Eline Horndley
6079_01,Charry Jenson
6081_01,Ecco Shpie
6081_03,Crowls Knie
6081_04,Denuts Shpie
6084_01,Belly Jacostanley
6089_01,Ferry Gainebergan
6093_01,Timmie Joyneidez
6104_01,Ducks Knike
6119_01,Graven Cola
6119_02,Chees Cola
6119_03,Cheats Cola
6134_01,Calvia Bucklandez
6142_02,Zosmar Inkcablel
6144_01,Fany Chaellerty
6151_02,Mulkes Hometerval
6154_01,Lyney Sellahaney
6160_02,Rena Hessey
6161_01,Hanry Walston
6164_01,Helly Spentley
6165_01,Valex Stephend
6187_01,Quan Bake
6188_01,Chelly Llovers
6190_01,Wenise Ashipson
6193_01,Sesh Flé
6193_02,Ops Flé
6193_04,Ranats Flé
6196_01,Solark Carillly
6197_01,Jodip Perrerojass
6202_01,Heald Briggins
6204_01,
6209_02,Nunkibi Cylisteful
6210_01,Instab Assefle
6212_01,Ralda Gardonadox
6217_01,Elebara Burcaling
6221_01,Clek Chkie
6231_01,Rayle Hultz
6231_02,Pamont Hultz
6231_03,Lyne Hultz
6233_02,Elicey Crayeson
6233_03,Evey Crayeson
6235_01,Menkard Apedishaft
6240_01,Hocops Paska
6242_01,Luxonon Sofraten
6244_02,Algor Spopting
6255_01,Schird Siccertful
6257_01,Fanne Mejiamsey
6257_03,Vanard Mejiamsey
6261_01,Gra Date
6261_02,Toat Date
6267_03,Fomalik Dianket
6267_04,Naslon Dianket
6267_05,Zinon Nairconed
6267_06,Tachbah Dianket
6269_01,Skaton Prestaric
6269_03,Errakis Prestaric
6272_02,Kadown Biba
6275_01,Marine Toddleton
6278_01,Rheers Sturt
6278_02,Llix Sturt
6284_01,Eclass Chcak
6286_01,Rald Dickman
6286_02,Verly Dickman
6288_01,Giebah Valing
6288_03,Giedion Valing
6288_04,Pleion Valing
6294_01,Faithy Brenney
6295_01,Genons Shantactal
6295_02,Pentard Shantactal
6298_01,Toat Mity
6306_01,Chrisa Brookenson
6311_01,Eriky Spencervan
6312_01,Ainkard Emonater
6329_01,Celavas Clindy
6332_01,Dony Casez
6332_02,Andary Casez
6332_03,Olliey Casez
6332_06,Coren Casez
6336_01,Yvetta Oconley
6337_01,Caseye Vinston
6342_01,Mark Paska
6345_01,Peefox Pashe
6345_02,Con Pashe
6350_01,Mirark Sessory
6352_01,Mothab Pentical
6352_02,Weid Gulthler
6358_01,Gwenda Solivers
6358_02,Annard Waderoachez
6362_01,Loria Mckinsond
6364_01,Alvia Ellahan
6377_01,Doulls Pore
6383_01,
6383_02,Kendre Sterreray
6383_03,
6384_01,Loise Mcfarmerson
6386_01,Shaele Roachoanand
6391_01,Wolous Chate
6391_02,Gratsp Chate
6392_01,Jagles Dun
6393_01,Craird Mille
6395_01,Delody Gilleranks
6401_01,Hadlam Maging
6417_01,Hocks Pashe
6425_02,Guans Gres
6427_01,Beass Snoff
6429_01,Idarry Buckentry
6440_01,Yolace Pacerty
6460_01,Gemmark Cotorming
6465_01,Robyny Brookenson
6469_01,Rankie Sykess
6474_01,Bethy Clinantones
6479_01,Arid Oilloody
6479_02,Antonon Oilloody
6483_01,Tax Ecake
6486_01,Goros Dindeng
6491_03,Jeresa Patteraley
6496_01,Lynnee Potterry
6498_01,Darley Hultz
6499_03,Benry Barnolderg
6499_04,Berta Barnolderg
6499_06,Made Barnolderg
6499_07,Helley Barnolderg
6499_08,Eleah Barnolderg
6504_01,Menkin Righturter
6504_02,Sabiark Righturter
6506_02,Clindy Flynner
6507_01,Bethew Hartz
6515_01,Olly Reyersendry
6516_01,Skatzn Dynigic
6516_02,Bahoton Dynigic
6518_01,Tos Perie
6527_01,Almara Figuez
6528_01,Louisy Cardsay
6533_01,Lolas Foledges
6543_01,Vanley Carvis
6551_01,Toddie Carezquez
6554_01,Heersh Kine
6555_01,Byront Balderts
6559_01,Artis Calhounez
6559_02,Vana Calhounez
6564_02,Unukath Perpulial
6575_01,Alheneb Spassive
6576_01,Cints Erle
6577_01,Bobbyn Haydenzier
6577_03,Cline Haydenzier
6579_01,Clard Buchansen
6584_01,Tricky Kirklander
6587_01,Sanney Hebernandry
6589_01,Beide Oppont
6596_01,Hal Terte
6600_01,Ming Mele
6605_01,Elia Ellahan
6605_02,Besse Ellahan
6607_01,Shersp Chnie
6610_01,Lyn Brookes
6612_01,Elanie Ewiseston
6612_04,Deanny Barks
6612_06,Heryle Dickley
6615_01,Bers Sake
6617_01,Mareson Timpeed
6617_02,Beneba Timpeed
6617_03,Dilamin Timpeed
6627_01,Billya Braymon
6629_01,Blance Melez
6636_01,Idace Hamcmahon
6640_01,Sadlami Dectory
6644_01,Troyce Hickerson
6648_01,Gillie Kramorry
6653_01,Troyra Fowlesterez
6657_01,Guye Joycerton
6658_01,Muls Curt
6658_02,Fispot Curt
6661_01,Grioss Kin
6677_01,Chery Woodwinez
6678_02,Prah Fincy
6682_01,Railes Erie
6682_02,Douse Erie
6688_01,Antak Slavested
6690_01,Tonnie Hardsonerry
6696_01,Oraine Tranklinay
6700_01,Carlie Whiters
6701_01,Zaninon Rackepery
6710_01,Blanda Maynardner
6714_01,Stene Sellentry
6717_01,Tarino Cracul
6728_01,Cheleon Tunparstel
6733_01,Jilley Sandry
6738_02,Hers Gooki
6743_01,Skix Flate
6759_01,Ivaney Donson
6769_01,Oareel Apity
6770_01,Batenah Aginge
6770_02,Matark Aginge
6770_03,Scellus Aginge
6772_01,Samie Beckeetter
6777_01,Wasatan Igniming
6781_01,Sarthim Trallect
6783_01,Wallyn Ortinericey
6785_01,Lesley Mcfarmerson
6791_01,Lis Hayertez
6793_01,Nasl Wassing
6793_02,Branev Wassing
6807_02,Maurie Monsoney
6811_01,Lestie Pottmanley
6812_01,Adammy Barris
6819_02,Terek Holson
6819_03,Dandra Hamberterry
6823_01,Vanley Woodwin
6828_01,Sus Andley
6830_01,Brita Kennetty
6835_01,Morms Chpie
6838_01,Alraium Fasticaly
6845_01,Zanino Conaly
6852_01,Andary Brightez
6872_01,Camiet Bonnondry
6874_01,Maurie Hammons
6875_03,Sariton Emetillove
6876_01,Done Greenez
6876_02,Verney Greenez
6876_03,Felice Greenez
6878_01,Dynx Porté
6884_01,Verly Kirks
6886_01,Meline Clemondsey
6888_02,Decruxa Emeliatty
6888_03,Homamin Turtertive
6904_01,Harlen Farleyatton
6904_02,Debora Farleyatton
6909_01,Kaffias Shoeweely
6914_01,Iree Romez
6916_01,Gluinol Wassing
6919_01,Len Bulliamoses
6922_01,Harlos Payner
6923_01,Cobix Tecre
6933_01,Aludrab Proorbeng
6933_02,Gatrix Imprank
6936_03,Cindee Spare
6938_01,Julin Reilline
6941_01,Willey Mullericer
6942_01,Aliey Belley
6948_01,Wenten Leton
6952_01,Dyonif Hautconded
6959_02,Calvia Garzaley
6959_03,Stevey Garzaley
6965_01,Rooses Danad
6983_01,Gray Colle
6986_01,Keitha Cleman
6986_03,Darrie Cleman
6986_05,Jilly Vantonson
6986_06,Tracek Vantonson
6986_08,Clard Vantonson
6989_01,Blancy Fisheparks
7000_01,Munch Blane
7012_01,Park Stake
7024_01,Ret Cart
7035_01,Verly Workmans
7043_01,
7054_01,Teron Pringrous
7054_02,Sulatik Pringrous
7055_01,Ungles Welte
7064_01,Karay Cooks
7065_01,Zedares Maltorted
7066_02,Leondy Haynardy
7067_01,Karay Wriggins
7067_02,Lis Wriggins
7070_01,Achbah Forous
7076_01,Rankie Lerez
7081_01,Sarino Fuelrad
7081_02,Aston Fuelrad
7100_01,Ionan Heracker
7102_01,Ainoxa Wassird
7103_02,Hont Iccle
7107_01,Jayne Thorney
7112_01,Pamont Blange
7115_01,Ber Pepie
7122_01,Darlie Gillock
7124_01,Eltares Aillyber
7124_02,Menkard Aillyber
7125_01,Nakes Eccle
7130_01,Ine Jacostarks
7130_02,Anney Jacostarks
7130_06,Franda Jacostarks
7135_01,Anie Gainebergan
7135_02,Stace Gainebergan
7135_03,Fayel Gainebergan
7135_04,Anae Gainebergan
7136_01,Hery Lynnerett
7147_01,Grastab Prefule
7150_02,Fanna Herreras
7163_01,Tach Spedlybood
7163_02,Grafirk Spedlybood
7169_01,Andary Alfordonard
7178_01,Allota Bush
7183_01,Janne Brookes
7185_01,Arix Baltragnal
7195_01,Gretty Hallahaney
7196_01,Griste Crité
7198_01,Shally Diazarez
7209_01,Lesaton Dengshred
7209_02,Jabba Dengshred
7212_01,Terta Kochroeders
7213_01,Eleaha Flynney
7223_01,Whers Raf
7228_01,Kirky Hurchanney
7237_01,Darrie Colleruces
7239_01,Veremy Mayods
7241_01,Diskeon Caticuous
7243_01,Essara Vales
7243_02,Holey Vales
7243_03,Marlly Vales
7243_05,Harlos Vales
7244_01,Hollie Griffince
7245_01,Flys Hart
7248_02,Tures Mité
7251_01,Duana Charryerry
7266_02,Doray Lardy
7266_03,Aliey Lardy
7269_02,Ellena Hayder
7272_01,Marlly Dotsonton
7275_01,Violey Blacks
7281_01,Krab Pronfraked
7282_01,Ale Blace
7287_01,Aspicah Drivery
7291_01,Jodye Rasmussony
7308_01,Dscha Fransumint
7312_01,Ranch Buncy
7315_01,Briane Puckley
7319_01,Phia Thonyderson
7319_02,Branda Thonyderson
7319_03,Veremy Thonyderson
7329_02,Sulabik Coillery
7329_03,Muonin Coillery
7335_01,Allia Haydenez
7348_02,Pebix Coune
7348_03,Othawk Coune
7354_01,Sadirak Trameterty
7354_02,Bahyon Trameterty
7354_03,Cellus Crakete
7354_05,Meratzn Brakeril
7357_01,Ralda Garrez
7363_01,
7364_01,
7368_01,Pharmus Frolestty
7373_01,Alyark Unrent
7373_02,Ruchban Unrent
7375_01,France Gilleranks
7380_01,Lesatik Witicheal
7380_02,Yildunt Witicheal
7380_04,Eltar Witicheal
7381_01,Dessie Watkinsones
7382_01,Bel Mcdon
7383_01,Brada Leonadorsen
7386_01,Valey Summington
7389_01,Crus Anake
7397_01,Nuson Heeroling
7404_01,Thew Stanleyd
7412_01,Chellus Ambleetive
7413_01,Evendy Bushafford
7421_01,Lison Fowlesterez
7421_02,Kenda Fowlesterez
7423_02,Laptin Racke
7426_01,Azhasim Swingse
7426_02,Menkark Swingse
7426_03,Antinon Mallisly
7433_01,Clard Ocherman
7439_02,Ziba Pranscreer
7441_01,Phacton Glousspidy
7443_01,Bertle Woodwinez
7468_01,Arrai Unhaftimle
7470_01,Racy Conleydenan
7471_01,
7474_01,Doray Ricklaney
7476_01,Kimena Chavezalez
7482_01,Oats Blie
7491_01,Bettie Duffmaney
7493_01,Ton Hurchez
7497_01,Berty Brighttt
7511_01,Gabria Mcneiderson
7516_01,Tyrona Hoopez
7526_01,Antinon Whifounrew
7528_01,Herry Alldson
7528_02,Bonne Alldson
7528_04,Eduard Alldson
7530_01,Batenah Underative
7532_01,Brene Curton
7537_01,Glendy Bonnondry
7539_01,Taram Stichseary
7539_02,Weias Stichseary
7541_01,Bares Pephe
7541_02,Prabon Seche
7541_03,Pebray Pephe
7546_01,Sargino Airdring
7547_01,Lelah Blange
7551_01,Idary Shawatson
7554_01,Sall Solon
7556_01,Edasim Mosteraked
7556_02,Cherrak Mosteraked
7556_04,Shabih Spedlinale
7557_02,Jacats Gine
7557_03,Apple Gine
7558_02,Smon Fonie
7570_01,Aton Filerst
7582_01,Gera Sancasey
7582_03,Geneen Sancasey
7582_05,Iria Sancasey
7587_01,Evan Workmans
7589_01,Sharie Greenez
7590_01,Ninaha Anthompson
7591_01,Karay Wolfernan
7593_01,Alpha Stersetery
7597_02,
7597_04,Fanna Fisherry
7600_01,Mesath Gloginded
7602_01,Canon Folumorly
7603_01,Bobbyn Cardners
7610_01,Deany Spencervan
7612_02,Ritany Mckins
7613_01,Tauxon Aindlylid
7617_01,Prah Pelte
7619_01,Calvia Reidershley
7629_03,Bryany Buchansen
7637_01,Minnys Wist
7637_03,Supce Wist
7638_01,Kenda Popelacruz
7642_01,Quites Tre
7645_01,Aske Bagetvable
7648_01,Anack Sutte
7651_01,Hoce Ropie
7654_01,Meropus Gealter
7655_01,Karard Shawforden
7658_01,Hadiram Supred
7662_01,Allota Erry
7663_01,Wine Barris
7681_01,Appers Upead
7685_01,Ren Patteraley
7686_01,Branca Barnoldeney
7695_01,Fany Carvis
7704_01,Ianne Mcgoway
7706_01,Canon Clindy
7718_01,Tachbah Hontichre
7725_01,Elebola Batonsufft
7726_01,Helly Belley
7737_01,Maura Howence
7740_01,Viviay Daughessey
7745_01,Alfrey Kinson
7756_01,Jimmya Jacostaffey
7759_01,Idarry Pugherman
7765_01,Alvira Mejiamsey
7765_02,Maura Mejiamsey
7765_03,Sus Mejiamsey
7772_01,Vanley Josey
7779_01,Anchira Hoorbaring
7792_01,Sadalm Unsible
7792_02,Pulchib Unsible
7792_03,Almelik Presectle
7792_05,Diphah Presectle
7795_02,Wayney Dickley
7798_02,Jillie Burchard
7799_01,Ellie Vincenton
7807_01,Veremy Blancoy
7811_01,Skix Pore
7819_01,Elody Estein
7823_01,Idace Fredersend
7825_02,Puffal Bine
7826_01,Enifark Timpeed
7827_01,Acceleb Mormonized
7838_01,Alyadum Disheract
7846_02,Caiamin Bradissive
7857_01,Ricard Gordond
7862_01,Milda Delazarson
7874_02,Ale Oneidson
7880_01,Chelik Conale
7887_01,Hughy Morrows
7893_01,Chamak Polksy
7893_02,Phacton Polksy
7893_03,Matark Polksy
7893_04,Gorabba Polksy
7893_05,Mothab Polksy
7911_01,Fayey Holcompton
7915_01,Dilk Ecart
7915_03,Alspil Ecart
7917_01,Guadae Carterson
7921_01,Lops Berte
7925_01,Elanie Thorney
7927_01,Sall Bertsontry
7933_01,Tos Kra
7934_01,Razzle Mith
7934_02,
7934_03,
7951_01,Beneba Covere
7963_01,Denis Charpelaney
7963_03,Craine Charpelaney
7964_01,Weaffs Buche
7965_01,Jayne Bradlerson
7969_01,Evane Vincenton
7971_01,Mediton Gealter
7975_01,Stchex Cone
7978_01,Hilip Mirezavis
7991_03,Wasath Fembly
7991_04,Tarmus Fembly
7992_01,Joycey Bryants
7997_01,Teryla Byerry
7998_01,Minkark Valousead
7998_02,Alrair Valousead
7998_03,Halleth Valousead
7998_04,Izarki Valousead
8009_01,Eriana Flowensley
8011_01,Man Sty
8013_01,Rankie Harmond
8022_01,Derina Connon
8039_01,Kabiak Invebodene
8039_02,Sulaos Invebodene
8040_01,Wat Shcad
8041_02,
8044_01,Nasliak Sedece
8047_01,Alzirk Trantermle
8048_01,Naoson Pernised
8051_01,Jeresa Hartley
8051_02,Gera Hartley
8061_02,Karena Horndley
8073_01,Eddiey Davens
8074_01,Irmark Harmontry
8080_01,Smonch Coune
8090_01,Guadae Dyers
8096_01,Varz Docke
8099_01,Celis Sweett
8100_01,Louisa Kellynn
8101_01,Froops Sione
8104_01,Luise Rosalanenn
8111_01,Nance Byerton
8113_01,Coreen Castannison
8113_02,Ianya Castannison
8113_03,
8114_01,Garyan Cooks
8125_01,Teron Siccertful
8125_02,Pentard Siccertful
8134_01,Tekris Breke
8142_01,Brafirk Inerazy
8145_01,Julin Sellentry
8146_01,Isa Castron
8154_01,Tamin Blace
8155_01,Jennya Mirezavis
8163_01,Shams Opité
8169_01,Beathy Gilesonston
8170_01,Nuson Conachets
8172_01,Tive Boure
8179_01,Megrezn Dierome
8181_03,Sinuls Mepie
8193_01,Raque Hutchinton
8195_01,Tauva Folumorly
8196_02,Pattin Bartines
8198_01,Ericky Estevesters
8201_01,
8215_01,Sterion Aillyber
8223_01,Jillie Andley
8236_01,Dilamin Retefule
8240_01,Markar Sedece
8241_01,Sanya Mulley
8245_01,Millia Cookentaney
8245_02,Evan Cookentaney
8246_01,Walmon Cle
8250_01,Gory Hinetthews
8256_01,Majorab Aginoid
8262_01,Cors Man
8269_01,Gretty Smalls
8274_01,Pennie Miltongson
8278_01,Walley Weaves
8283_01,Muonon Heedry
8284_01,Natald Cooperkins
8284_02,Lesley Cooperkins
8286_01,Tetra Unhaftimle
8290_01,Sumpix Harte
8296_01,Clues Brazo
8304_02,Bubbix Flaie
8305_01,Anchib Fansty
8305_02,Thaldah Fansty
8305_03,Sadirk Fansty
8312_01,Cocors Cola
8325_01,Ambert Horners
8331_01,Lis Melez
8340_02,Betenar Obnoftle
8347_01,Wandy Buchansen
8355_01,Altanin Ranaly
8357_01,Caiah Praugnox
8357_02,Alhail Praugnox
8361_03,Alhain Fushausive
8361_04,Giedion Fushausive
8361_05,Alchium Fushausive
8364_01,Briney Oneidson
8370_01,Enibah Burcaling
8372_01,Mediton Spressive
8385_01,Libers Queen
8385_03,Oaters Queen
8387_01,Ally Mckinsond
8389_01,Andyn Burraymons
8391_01,Ton Apity
8400_02,Murie Cartyernan
8402_01,Arkar Mostedry
8402_02,Ashelik Mostedry
8402_03,Haldah Cratrave
8408_01,Gayla Pottmanley
8408_02,Karene Pottmanley
8413_01,Branda Vanglis
8417_01,Luzel Bertsontry
8425_01,Jerrye Holcompson
8425_02,Hilia Holcompson
8428_01,Meline Floways
8434_01,Azham Baciffhaut
8439_01,Ton Jacobbinson
8440_02,Frunch Meate
8440_03,Eloos Meate
8443_01,Crans Ste
8445_01,Dennya Toddleton
8445_02,Elenna Nguerrettye
8445_03,Stance Nguerrettye
8450_01,Muew Win
8450_03,Crunch Minen
8453_01,Lorian Harverez
8464_02,Bleark Weeke
8473_01,Sonard Mcfaddenson
8478_01,Bra Clinantones
8484_01,Cousk Welte
8485_01,Bertle Hammons
8488_01,Zubeneb Camaxler
8499_01,Monald Farmonrada
8501_01,Julin Logannon
8510_02,Muls Lake
8517_02,Polari Embleng
8518_01,Glenry Masquez
8519_01,Eriey Brookenson
8520_02,Hughan Fuentryoung
8525_01,Mediton Poselfle
8525_02,Taurak Poselfle
8526_02,Pid Make
8527_01,Allie Hermane
8531_01,Eleaha Beckeey
8533_01,Heryle Beckeey
8534_02,Luise Gallenry
8534_03,Kene Gallenry
8543_02,Briney Juartis
8543_07,Kirky Peterstarks
8546_01,Teremy Hardley
8555_01,Jandy Garrez
8555_02,Alley Garrez
8555_03,Helle Garrez
8558_01,Lestie Miltongson
8565_01,Dary Wolferguson
8565_02,Eddiey Wolferguson
8568_01,Coxaton Seleceneat
8568_02,Alyark Seleceneat
8575_01,Royce Gardsondez
8576_01,Skatzn Catbel
8579_01,Gluinon Clughted
8582_01,Nice Whitez
8583_01,Jel Brine
8583_02,Apples Brine
8591_01,Annya Jacostarks
8600_01,Les Munozanson
8608_01,Brene Klinson
8621_01,Vanley Simmonders
8630_01,Lidenx Mad
8632_01,Luison Buckeelez
8647_01,Anakes Shrie
8648_01,Rice Pughlinsons
8648_03,Kennie Pughlinsons
8660_01,Erman Ewins
8665_01,Rayne Leblanchez
8666_01,Melara Merce
8677_02,Batrix Obeaded
8677_03,Edaron Obeaded
8678_01,Eilan Kellson
8679_01,Kayne Emenez
8686_01,Algor Bradissive
8690_02,Hule Peake
8692_01,Bellus Extraly
8692_03,Algor Extraly
8697_01,Milyla Fowles
8698_01,Iria Barberts
8699_01,Dona Quinnedy
8705_01,Anch Gen
8713_02,Aviton Parymider
8715_01,Carley Logannon
8725_01,Antony Barks
8726_01,Toisps Bane
8737_01,Herk Tre
8738_01,Tricki Vincenton
8746_01,Krisa Alldson
8747_01,Jurs Pine
8768_01,Jord Nixonce
8768_02,Ronne Nixonce
8775_01,Raston Maltorted
8778_01,Craird Pane
8778_02,Ses Onpie
8793_02,Dhena Unreezy
8793_03,Errairk Oirmplathy
8793_05,Skatz Unreezy
8800_01,
8800_04,Carley Nolds
8803_01,Norahe Parklaney
8804_01,Crowls Winie
8804_02,Gra Sunie
8804_03,Alk Pri
8814_01,Hardy Simsey
8829_01,Ericia Morgerson
8839_01,Askera Pinoffent
8847_01,Shalle Fuentryoung
8851_01,Cassa Carreralend
8857_01,Glasey Mcfaddennon
8866_01,Dawne Morrodgers
8870_01,Spies Surry
8873_01,Altar Unregul
8873_03,Syrmion Unregul
8875_01,Thabih Oillicaly
8875_03,Alkeson Oillicaly
8877_01,Zinoth Pokerheed
8877_02,Saxinon Pokerheed
8879_01,Fayel Conney
8887_01,Cuses Sto
8893_01,Alraida Opshosent
8893_02,Wasatan Opshosent
8895_01,Astrak Hossive
8908_01,Luise Daughessey
8909_01,Garlie Marshopper
8911_01,Barave Late
8912_01,Dord Pernard
8913_01,Jodyn Bellarkerd
8913_02,Luise Bellarkerd
8916_01,Joela Gordanieves
8917_01,Kentha Hendrys
8921_01,Tachird Prucerod
8924_01,Kaffias Folkshbox
8925_01,Okulas Pokematic
8925_02,Cheleon Pabler
8925_03,Alyaton Pabler
8925_04,Askeid Conable
8925_05,Winons Pabler
8927_01,Dilamin Dranionfic
8935_01,Evaned Pooley
8946_01,Alik Fuelddid
8958_01,Melice Cartz
8960_01,Benja Solon
8960_03,Andan Solon
8963_01,Tetratz Inghting
8971_01,Betenar Reetholt
8974_01,Lesaton Fanchy
8980_03,Tark Brie
8980_06,Jetax Brie
8980_07,Rangma Brie
8990_01,Allena Petton
8994_02,Sceros Flie
9005_01,Shard Langatein
9016_04,Maiah Extraly
9017_01,Hardy Chardst
9022_02,Willip Boyerson
9022_03,Erice Boyerson
9025_02,Philia Whitersone
9033_01,Brank Figuez
9039_01,Nance Wilkinner
9047_01,Evane Dillestron
9050_01,Eulahy Kimons
9053_01,Ankark Cableck
9053_02,Gimph Cableck
9054_01,Coreee Harry
9062_02,Lerion Pughlinsons
9063_01,Pollus Lansuffle
9065_01,Jet Bart
9067_02,Dellia Baxters
9070_02,Elancy Flynney
9083_01,Beres Sto
9083_02,Chones Sto
9086_01,Therry Craftstens
9088_01,Isaacy Hoopez
9091_01,Lers Ecre
9096_01,Maya Sterson
9096_02,Wally Sterson
9102_01,Guteda Sacre
9105_01,Mollie Brookes
9109_01,
9113_01,Railes Horte
9121_01,Row Bette
9123_01,Bonutz Kidne
9146_03,Cheeet Sache
9154_01,Bel Sweene
9155_03,Alarmus Ingalt
9155_04,Canons Ingalt
9162_01,Zinoces Muspereed
9166_01,Askeid Monsintic
9177_01,Algenif Vablug
9177_02,Zedarga Vablug
9187_01,Bases Prin
9191_01,Vana Doughan
9206_01,Ionan Pokebox
9206_03,Enifik Pokebox
9207_01,Wasath Assefle
9212_02,Violey Philloway
9215_01,Dubheat Supriouse
9223_01,Weessh Sun
9223_02,Perit Sun
9229_01,Colal Brity
9236_01,Arllia Ramoran
9238_02,Ricke Emenez
9238_03,Herina Emenez
9238_05,Caseye Emenez
9238_06,Blance Garnettiz
9243_01,Sollum Pumpeshaft
9255_01,Skies Bota
9258_01,Beidus Siveduced
9260_01,Luisy Portananney
9262_01,Sonald Hurchrisong
9263_01,Loisey Heney
9265_01,Toate Cure
9266_01,Danna Peter
9266_02,Jeron Peter
9271_01,Jayrin Pore
9273_01,Kitakan Conale
9277_01,Lilace Leonzaley
